<?xml version="1.0" encoding="UTF-8"?>
<people>

	<person>
		<fullname>Gorge Smith</fullname>
		<address>123 fake street</address>
		<licenseNumber>ABC-123</licenseNumber>
	</person>

	<person>
		<fullname>Pies Exist</fullname>
		<licenseNumber>VVV-111</licenseNumber>
	</person>


	<person>
		<fullname>Steroids Main</fullname>
		<address>444 George St</address>
	</person>


	<person>
		<fullname>Bob Forn</fullname>
		<address>155 Trucks Avenue</address>
		<licenseNumber>CCC-222</licenseNumber>
	</person>

	<person>
		<fullname>Pose Mango</fullname>
		<licenseNumber>XXX-999</licenseNumber>
	</person>

</people>