<?xml version="1.0" encoding="UTF-8"?>
<deploy xmlns="http://www.apache.org/ode/schemas/dd/2007/03" xmlns:employeevalidaddr.soacourse.unsw.edu.au="http://employeevalidaddr.soacourse.unsw.edu.au" xmlns:employeevalidlic.soacourse.unsw.edu.au="http://employeevalidlic.soacourse.unsw.edu.au" xmlns:validation="http://soacourse.unsw.edu.au/validation">
  <process name="validation:Validation">
    <active>true</active>
    <retired>false</retired>
    <process-events generate="all"/>
    <provide partnerLink="client1">
      <service name="validation:ValidationAddrServiceProcess" port="ValidationAddrProcessPort"/>
    </provide>
    <provide partnerLink="client2">
      <service name="validation:ValidationLicServiceProcess" port="ValidationLicProcessPort"/>
    </provide>
    <invoke partnerLink="approver1">
      <service name="employeevalidaddr.soacourse.unsw.edu.au:validationAddrService" port="validationAddrServiceSOAP"/>
    </invoke>
    <invoke partnerLink="approver2">
      <service name="employeevalidlic.soacourse.unsw.edu.au:validationLicenseService" port="validationLicServiceSOAP"/>
    </invoke>
  </process>
</deploy>